{"branches": 65.34653465346535, "coverage": 75.45662100456622}