{"branches": 51.21951219512195, "coverage": 44.49053668654395}