{"branches": 71.28712871287128, "coverage": 81.9634703196347}