{"branches": 46.902654867256636, "coverage": 41.824486529741264}