{"branches": 49.59349593495935, "coverage": 42.029365495542734}